[
    {
        "source": "Oxford Academic",
        "title": "Fractal construction of constrained code words for DNA storage systems ",
        "publishDate": "15 December 2021",
        "link": "https://doi.org/10.1093/nar/gkab1209"
    },
    {
        "source": "Oxford Academic",
        "title": "High-scale random access on DNA storage systems ",
        "publishDate": "14 January 2022",
        "link": "https://doi.org/10.1093/nargab/lqab126"
    },
    {
        "source": "Oxford Academic",
        "title": "Cooperative sequence clustering and decoding for DNA storage system with fountain codes ",
        "publishDate": "27 April 2021",
        "link": "https://doi.org/10.1093/bioinformatics/btab246"
    },
    {
        "source": "Oxford Academic",
        "title": "DNA storage: research landscape and future prospects ",
        "publishDate": "21 January 2020",
        "link": "https://doi.org/10.1093/nsr/nwaa007"
    },
    {
        "source": "Oxford Academic",
        "title": "Clover: tree structure-based efficient DNA clustering for DNA-based data storage ",
        "publishDate": "16 August 2022",
        "link": "https://doi.org/10.1093/bib/bbac336"
    },
    {
        "source": "Oxford Academic",
        "title": "Multiple errors correction for position-limited DNA sequences with GC balance and no homopolymer for DNA-based data storage ",
        "publishDate": "21 November 2022",
        "link": "https://doi.org/10.1093/bib/bbac484"
    },
    {
        "source": "Oxford Academic",
        "title": "Filter Paper for Preservation, Storage, and Distribution of Insect and Pathogen DNA Samples ",
        "publishDate": "01 July 2005",
        "link": "https://doi.org/10.1093/jmedent/42.4.709"
    },
    {
        "source": "Oxford Academic",
        "title": "Reducing Cost in DNA-based Data Storage by Sequence Analysis-aided Soft Information Decoding of Variable-Length Reads ",
        "publishDate": "05 September 2023",
        "link": "https://doi.org/10.1093/bioinformatics/btad548"
    },
    {
        "source": "Oxford Academic",
        "title": "High Speed Centrifugation Before Frozen Storage of Plasma Is Critical for Quantitative Analysis of Mitochondrial-Derived Cell-Free DNA ",
        "publishDate": "16 July 2020",
        "link": "https://doi.org/10.1093/clinchem/hvaa127"
    },
    {
        "source": "Oxford Academic",
        "title": "Uncertainties in synthetic DNA-based data storage ",
        "publishDate": "09 April 2021",
        "link": "https://doi.org/10.1093/nar/gkab230"
    },
    {
        "source": "Oxford Academic",
        "title": "The quality of DNA extracted from liquid or dried blood is not adversely affected by storage at 4°C for up to 24 h ",
        "publishDate": "08 February 2008",
        "link": "https://doi.org/10.1093/ije/dym278"
    },
    {
        "source": "Oxford Academic",
        "title": "Improving Error-correcting Capability in DNA Digital Storage via Soft-decision Decoding ",
        "publishDate": "02 September 2023",
        "link": "https://doi.org/10.1093/nsr/nwad229"
    },
    {
        "source": "Oxford Academic",
        "title": "MESA: automated assessment of synthetic DNA fragments and simulation of DNA synthesis, storage, sequencing and PCR errors ",
        "publishDate": "04 March 2020",
        "link": "https://doi.org/10.1093/bioinformatics/btaa140"
    },
    {
        "source": "MDPI",
        "title": "Integrating FPGA Acceleration in the DNAssim Framework for Faster DNA-Based Data Storage Simulations",
        "publishDate": "10 June 2023",
        "link": "https://doi.org/10.3390/electronics12122621"
    },
    {
        "source": "MDPI",
        "title": "Discriminating WirelessHART Communication Devices Using Sub-Nyquist Stimulated Responses",
        "publishDate": "24 April 2023",
        "link": "https://doi.org/10.3390/electronics12091973"
    },
    {
        "source": "engadget",
        "title": "'5D' storage could fit 500TB on a CD-sized glass disc",
        "publishDate": "Nov 1, 2021",
        "link": "https://search.engadget.com/click/_ylt=AwrgNZUY4PlkslUNRxJ8BWVH;_ylu=Y29sbwNncTEEcG9zAzEEdnRpZAMEc2VjA3Nj/RV=2/RE=1694126232/RO=10/RU=https%3a%2f%2fwww.engadget.com%2f5-d-storage-could-fit-500-tb-on-cd-sized-disc-095039455.html/RK=2/RS=JUz1XKzhKCTFRPi3bvG0WGuCCLM-"
    },
    {
        "source": "engadget",
        "title": "New algorithm performs complex DNA origami",
        "publishDate": "Jul 18, 2019",
        "link": "https://search.engadget.com/click/_ylt=AwrgNZUY4PlkslUNSRJ8BWVH;_ylu=Y29sbwNncTEEcG9zAzEEdnRpZAMEc2VjA3Nj/RV=2/RE=1694126232/RO=10/RU=https%3a%2f%2fwww.engadget.com%2f2016-05-27-new-algorithm-performs-complex-dna-origami.html/RK=2/RS=U5afIPl.Q2y.8AmFTYdcM_8Ql7c-"
    },
    {
        "source": "engadget",
        "title": "Microsoft device stores digital info as DNA",
        "publishDate": "Mar 22, 2019",
        "link": "https://search.engadget.com/click/_ylt=AwrgNZUY4PlkslUNSxJ8BWVH;_ylu=Y29sbwNncTEEcG9zAzEEdnRpZAMEc2VjA3Nj/RV=2/RE=1694126232/RO=10/RU=https%3a%2f%2fwww.engadget.com%2f2019-03-21-microsoft-dna-storage-device.html/RK=2/RS=X80dgyr_msKvCbIyJi12qFYBJcU-"
    },
    {
        "source": "engadget",
        "title": "Harvard stores 704TB in a gram of DNA, may have us shopping for organically-grown storage (video)",
        "publishDate": "Jul 20, 2019",
        "link": "https://search.engadget.com/click/_ylt=AwrgNZUY4PlkslUNTRJ8BWVH;_ylu=Y29sbwNncTEEcG9zAzEEdnRpZAMEc2VjA3Nj/RV=2/RE=1694126232/RO=10/RU=https%3a%2f%2fwww.engadget.com%2f2012-08-19-harvard-stores-704tb-in-a-gram-of-dna.html/RK=2/RS=eZ9beD2IGm.ci0xP9nFCfW6WFi0-"
    },
    {
        "source": "engadget",
        "title": "Scientists develop rewritable digital storage built into DNA; biological binary exists",
        "publishDate": "Jul 20, 2019",
        "link": "https://search.engadget.com/click/_ylt=AwrgNZUY4PlkslUNTxJ8BWVH;_ylu=Y29sbwNncTEEcG9zAzEEdnRpZAMEc2VjA3Nj/RV=2/RE=1694126232/RO=10/RU=https%3a%2f%2fwww.engadget.com%2f2012-05-22-rewritable-digital-storage-built-into-dna.html/RK=2/RS=CFN6kVBKsGhfB47qq8ikB.fbOEg-"
    },
    {
        "source": "engadget",
        "title": "Hard drives of the future could be made of DNA",
        "publishDate": "Jul 19, 2019",
        "link": "https://search.engadget.com/click/_ylt=AwrgNZUY4PlkslUNURJ8BWVH;_ylu=Y29sbwNncTEEcG9zAzEEdnRpZAMEc2VjA3Nj/RV=2/RE=1694126232/RO=10/RU=https%3a%2f%2fwww.engadget.com%2f2017-03-03-dna-hard-drive-storage.html/RK=2/RS=SL54EFckOg.rNEaq.g4pdBiFvhw-"
    },
    {
        "source": "engadget",
        "title": "Researchers encode a movie onto living bacteria",
        "publishDate": "Jul 19, 2019",
        "link": "https://search.engadget.com/click/_ylt=AwrgNZUY4PlkslUNUxJ8BWVH;_ylu=Y29sbwNncTEEcG9zAzEEdnRpZAMEc2VjA3Nj/RV=2/RE=1694126232/RO=10/RU=https%3a%2f%2fwww.engadget.com%2f2017-07-13-researchers-encode-movie-living-bacteria-dna-gene-editing.html/RK=2/RS=fBHyoA4pOIeMAabANx3mrjT1sC4-"
    },
    {
        "source": "engadget",
        "title": "How a robot wrote for Engadget",
        "publishDate": "Jul 18, 2019",
        "link": "https://search.engadget.com/click/_ylt=AwrgNZUY4PlkslUNVRJ8BWVH;_ylu=Y29sbwNncTEEcG9zAzEEdnRpZAMEc2VjA3Nj/RV=2/RE=1694126232/RO=10/RU=https%3a%2f%2fwww.engadget.com%2f2016-08-15-robot-journalism-wordsmith-writer.html/RK=2/RS=F2FHJDeWTC.sZWn3aQgIWn7k7kU-"
    },
    {
        "source": "engadget",
        "title": "All the smartphones we expect to see at MWC 2017",
        "publishDate": "Jul 19, 2019",
        "link": "https://search.engadget.com/click/_ylt=AwrgNZUY4PlkslUNVxJ8BWVH;_ylu=Y29sbwNncTEEcG9zAzEEdnRpZAMEc2VjA3Nj/RV=2/RE=1694126232/RO=10/RU=https%3a%2f%2fwww.engadget.com%2f2017-02-23-the-smartphones-we-expect-at-mwc-2017.html/RK=2/RS=S3_YDpKGpX4CbeAZEWaL3v38hX0-"
    },
    {
        "source": "engadget",
        "title": "Microsoft wrote an OK Go music video to DNA",
        "publishDate": "Jul 19, 2019",
        "link": "https://search.engadget.com/click/_ylt=AwrgNZUY4PlkslUNWRJ8BWVH;_ylu=Y29sbwNncTEEcG9zAzEEdnRpZAMEc2VjA3Nj/RV=2/RE=1694126232/RO=10/RU=https%3a%2f%2fwww.engadget.com%2f2016-07-07-microsoft-wrote-an-ok-go-music-video-to-dna.html/RK=2/RS=1Iq.w84vW4eOJ9hUJQJfVKDNdTM-"
    },
    {
        "source": "SciTechDaily",
        "title": "Translation Software Enables Efficient Storage of Massive Amounts of Data in DNA Molecules",
        "publishDate": "AUGUST 7, 2021",
        "link": "https://scitechdaily.com/translation-software-enables-efficient-storage-of-massive-amounts-of-data-in-dna-molecules/"
    },
    {
        "source": "SciTechDaily",
        "title": "DNA Storage Record Broken: 1 Gram Could Hold As Much as 455 Exabytes",
        "publishDate": "AUGUST 21, 2012",
        "link": "https://scitechdaily.com/dna-storage-record-broken-1-gram-could-hold-as-much-as-455-exabytes/"
    },
    {
        "source": "SciTechDaily",
        "title": "High Capacity DNA Data Storage: Could All Your Digital Photos Be Stored As DNA?",
        "publishDate": "JUNE 22, 2021",
        "link": "https://scitechdaily.com/high-capacity-dna-data-storage-could-all-your-digital-photos-be-stored-as-dna/"
    },
    {
        "source": "SciTechDaily",
        "title": "DENSe: New Twist on DNA Data Storage Lets Users Preview Stored Files",
        "publishDate": "JUNE 10, 2021",
        "link": "https://scitechdaily.com/dense-new-twist-on-dna-data-storage-lets-users-preview-stored-files/"
    },
    {
        "source": "SciTechDaily",
        "title": "More Dynamic, Scalable DNA Data Storage System Developed",
        "publishDate": "JUNE 12, 2020",
        "link": "https://scitechdaily.com/more-dynamic-scalable-dna-data-storage-system-developed/"
    },
    {
        "source": "SciTechDaily",
        "title": "Scientists Have Found a Way To Manipulate Digital Data Stored in DNA",
        "publishDate": "NOVEMBER 24, 2022",
        "link": "https://scitechdaily.com/scientists-have-found-a-way-to-manipulate-digital-data-stored-in-dna/"
    },
    {
        "source": "SciTechDaily",
        "title": "Enzymatic Synthesis: Our DNA Is Becoming the World’s Tiniest Hard Drive",
        "publishDate": "OCTOBER 6, 2021",
        "link": "https://scitechdaily.com/enzymatic-synthesis-our-dna-is-becoming-the-worlds-tiniest-hard-drive/"
    },
    {
        "source": "SciTechDaily",
        "title": "“DNA of Things” – Storing Extensive Data in Everyday Objects",
        "publishDate": "DECEMBER 10, 2019",
        "link": "https://scitechdaily.com/dna-of-things-storing-extensive-data-in-everyday-objects/"
    },
    {
        "source": "SciTechDaily",
        "title": "DNA Is Just One Among Millions of Possible Genetic Molecules – Clues for Origin of Life & Search for Extraterrestrial Biology",
        "publishDate": "NOVEMBER 11, 2019",
        "link": "https://scitechdaily.com/dna-is-just-one-among-millions-of-possible-genetic-molecules-clues-for-origin-of-life-search-for-extraterrestrial-biology/"
    },
    {
        "source": "SciTechDaily",
        "title": "Brain Cells Snap Open Their DNA To Make Memories – Extent of DNA Double-Strand Breaks Is “Surprising and Concerning”",
        "publishDate": "JULY 21, 2021",
        "link": "https://scitechdaily.com/brain-cells-snap-open-their-dna-to-make-memories-extent-of-dna-double-strand-breaks-is-surprising-and-concerning/"
    },
    {
        "source": "SciTechDaily",
        "title": "MIT Biological Engineers Program Human Cells to Store Complex Histories in Their DNA",
        "publishDate": "AUGUST 22, 2016",
        "link": "https://scitechdaily.com/mit-biological-engineers-program-human-cells-to-store-complex-histories-in-their-dna/"
    },
    {
        "source": "SciTechDaily",
        "title": "Engineered Bacteria Store Memories of Chemical Exposure",
        "publishDate": "NOVEMBER 17, 2014",
        "link": "https://scitechdaily.com/engineered-bacteria-store-memories-chemical-exposure/"
    },
    {
        "source": "SciTechDaily",
        "title": "Researchers Use Salmon DNA to Develop Next-Generation High-Capacity Battery Material",
        "publishDate": "APRIL 21, 2020",
        "link": "https://scitechdaily.com/researchers-use-salmon-dna-to-develop-next-generation-high-capacity-battery-material/"
    },
    {
        "source": "SciTechDaily",
        "title": "Using DNA and Bacteriophages as Rewritable Memory Storage",
        "publishDate": "MAY 22, 2012",
        "link": "https://scitechdaily.com/using-dna-and-bacteriophages-as-rewritable-memory-storage/"
    },
    {
        "source": "SciTechDaily",
        "title": "5D Optical Storage: High-Speed Laser Writing Could Pack 500 Terabytes Into CD-Sized Glass Disc",
        "publishDate": "OCTOBER 29, 2021",
        "link": "https://scitechdaily.com/5d-optical-storage-high-speed-laser-writing-could-pack-500-terabytes-into-cd-sized-glass-disc/"
    },
    {
        "source": "SciTechDaily",
        "title": "Regular Exercise Induces Changes in DNA",
        "publishDate": "AUGUST 1, 2013",
        "link": "https://scitechdaily.com/regular-exercise-induces-changes-in-dna/"
    },
    {
        "source": "SciTechDaily",
        "title": "First Molecular Electronics Chip Developed – Realizes 50-Year-Old Goal",
        "publishDate": "JANUARY 27, 2022",
        "link": "https://scitechdaily.com/first-molecular-electronics-chip-developed-realizes-50-year-old-goal/"
    },
    {
        "source": "SciTechDaily",
        "title": "Molecular Information Storage: Storing Data As Mixtures of Fluorescent Dyes",
        "publishDate": "OCTOBER 13, 2021",
        "link": "https://scitechdaily.com/molecular-information-storage-storing-data-as-mixtures-of-fluorescent-dyes/"
    },
    {
        "source": "SpringerLink",
        "title": "Use of lambda DNA as a marker to assess DNA stability in olive oil during storage",
        "publishDate": "18 July 2007",
        "link": "https://link.springer.com/article/10.1007/s00217-007-0707-8"
    },
    {
        "source": "SpringerLink",
        "title": "Author Correction: Portable and Error-Free DNA-Based Data Storage",
        "publishDate": "22 April 2020",
        "link": "https://link.springer.com/article/10.1038/s41598-020-60080-9"
    },
    {
        "source": "SpringerLink",
        "title": "Correction to: DeSP: a systematic DNA storage error simulation pipeline",
        "publishDate": "12 July 2022",
        "link": "https://link.springer.com/article/10.1186/s12859-022-04813-9"
    },
    {
        "source": "SpringerLink",
        "title": "Companies hope to bring DNA storage in from the cold",
        "publishDate": "October 2010",
        "link": "https://link.springer.com/article/10.1038/nm1010-1056b"
    },
    {
        "source": "SpringerLink",
        "title": "A method for the medium-term storage of plant tissue samples at room temperature and successive cycles of DNA extraction",
        "publishDate": "June 2006",
        "link": "https://link.springer.com/article/10.1007/BF02914064"
    },
    {
        "source": "SpringerLink",
        "title": "Nanoscale storage encryption: data storage in synthetic DNA using a cryptosystem with a neural network",
        "publishDate": "13 April 2022",
        "link": "https://link.springer.com/article/10.1007/s11427-021-2074-7"
    },
    {
        "source": "SpringerLink",
        "title": "DNA isolation by a rapid method from human blood samples: Effects of MgCl2, EDTA, storage time, and temperature on DNA yield and quality",
        "publishDate": "August 1993",
        "link": "https://link.springer.com/article/10.1007/BF00553174"
    },
    {
        "source": "SpringerLink",
        "title": "DNA isolation by a rapid method from human blood samples: Effects of MgCl2, EDTA, storage time, and temperature on DNA yield and quality",
        "publishDate": "August 1993",
        "link": "https://link.springer.com/article/10.1007/BF02401826"
    },
    {
        "source": "SpringerLink",
        "title": "DNA Data Storage in Perl",
        "publishDate": "05 August 2020",
        "link": "https://link.springer.com/article/10.1007/s12257-020-0022-9"
    },
    {
        "source": "SpringerLink",
        "title": "Influence of soil storage and exposure period on DNA recovery from teeth",
        "publishDate": "January 1999",
        "link": "https://link.springer.com/article/10.1007/s004140050219"
    },
    {
        "source": "SpringerLink",
        "title": "L-carnitine modulates free mitochondrial DNA DAMPs and platelet storage lesions during storage of platelet concentrates",
        "publishDate": "15 November 2022",
        "link": "https://link.springer.com/article/10.1007/s11239-022-02725-2"
    },
    {
        "source": "SpringerLink",
        "title": "Resveratrol reduces platelet storage lesion by preventing free mitochondrial DNA (mtDNA) accumulation in platelet concentrates during storage",
        "publishDate": "22 May 2023",
        "link": "https://link.springer.com/article/10.1007/s11239-023-02829-3"
    },
    {
        "source": "SpringerLink",
        "title": "A Novel Image Encryption Scheme for DNA Storage Systems Based on DNA Hybridization and Gene Mutation",
        "publishDate": "04 April 2023",
        "link": "https://link.springer.com/article/10.1007/s12539-023-00565-z"
    },
    {
        "source": "SpringerLink",
        "title": "Optimization of HPV DNA detection in urine by improving collection, storage, and extraction",
        "publishDate": "12 June 2014",
        "link": "https://link.springer.com/article/10.1007/s10096-014-2147-2"
    },
    {
        "source": "SpringerLink",
        "title": "A Characterization of the DNA Data Storage Channel",
        "publishDate": "04 July 2019",
        "link": "https://link.springer.com/article/10.1038/s41598-019-45832-6"
    },
    {
        "source": "SpringerLink",
        "title": "Performance analysis of DNA crossbar arrays for high-density memory storage applications",
        "publishDate": "24 April 2023",
        "link": "https://link.springer.com/article/10.1038/s41598-023-33004-6"
    },
    {
        "source": "SpringerLink",
        "title": "Noncryogenic Preservation of Mammalian Tissues for DNA Extraction: An Assessment of Storage Methods",
        "publishDate": "February 2002",
        "link": "https://link.springer.com/article/10.1023/A%3A1014541222816"
    },
    {
        "source": "SpringerLink",
        "title": "Scaling up DNA digital data storage by efficiently predicting DNA hybridisation using deep learning",
        "publishDate": "15 October 2021",
        "link": "https://link.springer.com/article/10.1038/s41598-021-97238-y"
    },
    {
        "source": "SpringerLink",
        "title": "Paper-based device with on-chip reagent storage for rapid extraction of DNA from biological samples",
        "publishDate": "05 April 2017",
        "link": "https://link.springer.com/article/10.1007/s00604-017-2225-0"
    },
    {
        "source": "SpringerLink",
        "title": "DNA isolated from formalin-fixed paraffin-embedded healthy tissue after 30 years of storage can be used for forensic studies",
        "publishDate": "07 November 2020",
        "link": "https://link.springer.com/article/10.1007/s12024-020-00327-z"
    }
]